{
  "Tresoldi-Extalign-Best": {
    "total": [
      1.5430923415118665,
      0.34776675341736085,
      0.612931975516626,
      0.5286335772351987
    ],
    "color": "DarkOrange",
    "mannburmish": [
      2.239817155335982,
      0.5946778425748981,
      0.3664447723651064,
      0.26259837864896435
    ],
    "hantganbangime": [
      2.107040158742864,
      0.5173675445654736,
      0.39470007970449805,
      0.3183868044317071
    ],
    "felekesemitic": [
      2.677956341661521,
      0.5004237730358213,
      0.4743102870445565,
      0.3273363443787453
    ],
    "hattorijaponic": [
      1.2355921290129932,
      0.27765102977216427,
      0.691213648783825,
      0.6204543108075631
    ],
    "listsamplesize": [
      2.2725283925451367,
      0.4844393783862334,
      0.4636874672803413,
      0.3758942129608538
    ],
    "abrahammonpa": [
      0.9998279970708313,
      0.20371052104677226,
      0.7426952269379017,
      0.6703453864474241
    ],
    "allenbai": [
      0.779843552071092,
      0.25295408661822405,
      0.7171075531562698,
      0.6458232068172061
    ],
    "backstromnorthernpakistan": [
      0.8499278499278499,
      0.18761080189651613,
      0.7799029281322362,
      0.7043854188208848
    ],
    "castrosui": [
      0.3436002634828677,
      0.08753145376678882,
      0.8867717783835974,
      0.8589886354411237
    ],
    "davletshinaztecan": [
      1.9247895752675275,
      0.3713011025107164,
      0.6124860133779285,
      0.5021230735975142
    ]
  },
  "Tresoldi-Extaling-RF": {
    "total": [
      1.5640605872793754,
      0.35718208640853466,
      0.6070247927332182,
      0.5156417227951391
    ],
    "color": "DarkOrange",
    "mannburmish": [
      2.2210024162405615,
      0.6048013875444995,
      0.38178650256826413,
      0.24955874724380359
    ],
    "hantganbangime": [
      2.107040158742864,
      0.5173675445654736,
      0.39470007970449805,
      0.3183868044317071
    ],
    "felekesemitic": [
      2.7662522457848384,
      0.5429008490446497,
      0.43323655536957834,
      0.2794051401986046
    ],
    "hattorijaponic": [
      1.2355921290129932,
      0.27765102977216427,
      0.691213648783825,
      0.6204543108075631
    ],
    "listsamplesize": [
      2.2725283925451367,
      0.4844393783862334,
      0.4636874672803413,
      0.3758942129608538
    ],
    "abrahammonpa": [
      0.9998279970708313,
      0.20371052104677226,
      0.7426952269379017,
      0.6703453864474241
    ],
    "allenbai": [
      0.779843552071092,
      0.25295408661822405,
      0.7171075531562698,
      0.6458232068172061
    ],
    "backstromnorthernpakistan": [
      0.888888888888889,
      0.20006356077784643,
      0.7652576050895205,
      0.6790848653447112
    ],
    "castrosui": [
      0.44484051716901946,
      0.11663140381876677,
      0.8680772750640546,
      0.8153414801020028
    ],
    "davletshinaztecan": [
      1.9247895752675275,
      0.3713011025107164,
      0.6124860133779285,
      0.5021230735975142
    ]
  },
  "Baseline-Baseline-SVM": {
    "total": [
      1.590202595122846,
      0.3450795463964774,
      0.6172734042683042,
      0.5365213544289253
    ],
    "color": "CornflowerBlue",
    "mannburmish": [
      2.111498809376476,
      0.5648278835081101,
      0.4005180211315408,
      0.28982313890100003
    ],
    "hantganbangime": [
      2.599458604891073,
      0.6189194363494679,
      0.3099402597179697,
      0.23654961816923048
    ],
    "felekesemitic": [
      3.081434164445642,
      0.5296682184951704,
      0.46223997024533353,
      0.3006059758417125
    ],
    "hattorijaponic": [
      1.3020867370818252,
      0.27729819737023365,
      0.6912811077271959,
      0.6192057800545636
    ],
    "listsamplesize": [
      2.437831003688604,
      0.5053903703469627,
      0.4479977285883108,
      0.3505133790350581
    ],
    "abrahammonpa": [
      0.8498771993073316,
      0.1648474309025295,
      0.7877493446718886,
      0.7331447215795132
    ],
    "allenbai": [
      0.684968928597973,
      0.2201503247771612,
      0.729008149257643,
      0.6965072931273737
    ],
    "backstromnorthernpakistan": [
      0.7316017316017316,
      0.16358482787054213,
      0.8145872214218384,
      0.7380253202640645
    ],
    "castrosui": [
      0.29258679053361936,
      0.07512202691559754,
      0.9084659640655715,
      0.8776651576444012
    ],
    "davletshinaztecan": [
      1.8106819817041833,
      0.3309867474289991,
      0.6209462758557507,
      0.5231731596723367
    ]
  },
  "Baseline-Baseline": {
    "total": [
      1.518368554403825,
      0.3241904464940958,
      0.6354446892083994,
      0.5514516937381749
    ],
    "color": "CornflowerBlue",
    "mannburmish": [
      2.1719753397520107,
      0.5609685145189103,
      0.3923152473933415,
      0.28640684899944163
    ],
    "hantganbangime": [
      1.7170980289065954,
      0.42256610786595133,
      0.4852619621774732,
      0.4187445500731389
    ],
    "felekesemitic": [
      2.122325145305066,
      0.3907844778177102,
      0.5598574721961111,
      0.43853027212429874
    ],
    "hattorijaponic": [
      1.2907489551232334,
      0.2609849722306607,
      0.6899790747289081,
      0.6325313619830826
    ],
    "listsamplesize": [
      3.242554843719666,
      0.6041852731347384,
      0.4086154519541097,
      0.24168003823623233
    ],
    "abrahammonpa": [
      0.9035818246198755,
      0.17794239063979686,
      0.7800609784682111,
      0.7205129644508896
    ],
    "allenbai": [
      0.6907534124714017,
      0.22240008868893638,
      0.7293268049199615,
      0.687711066903858
    ],
    "backstromnorthernpakistan": [
      0.9004329004329004,
      0.19767573696145124,
      0.7891541155264196,
      0.690881602166798
    ],
    "castrosui": [
      0.2792158360471258,
      0.0711325122041484,
      0.9086651875127784,
      0.8844886769366518
    ],
    "davletshinaztecan": [
      1.8649992576603742,
      0.33326439087865406,
      0.6112105972066791,
      0.5130295555073582
    ]
  },
  "Jaeger-Julia": {
    "total": [
      1.3341912042291855,
      0.2922003662339444,
      0.6760486642728745,
      0.6006516865906464
    ],
    "color": "Crimson",
    "mannburmish": [
      2.2177419643104104,
      0.5823214362381985,
      0.42376326372804785,
      0.2594481831197271
    ],
    "hantganbangime": [
      1.2690704689938173,
      0.3294155048260372,
      0.5686532200292815,
      0.5343018642782505
    ],
    "felekesemitic": [
      1.321753015292834,
      0.23857970442339216,
      0.6825844415588881,
      0.6479199013462562
    ],
    "hattorijaponic": [
      1.3143966813782355,
      0.26481954015193354,
      0.7189672265116775,
      0.636879877464976
    ],
    "listsamplesize": [
      3.1833059114735,
      0.6307845751554254,
      0.402995973734963,
      0.2026552031186275
    ],
    "abrahammonpa": [
      0.5193942502124969,
      0.09412167593971477,
      0.8340222779748945,
      0.8514017066423327
    ],
    "allenbai": [
      0.747500334334524,
      0.2409476409675825,
      0.7293967458455208,
      0.667633221568224
    ],
    "backstromnorthernpakistan": [
      0.49783549783549785,
      0.10846560846560847,
      0.8465657683772957,
      0.8288229205810528
    ],
    "castrosui": [
      0.21438447041860184,
      0.05182409836057162,
      0.9251308122182519,
      0.9173507231996179
    ],
    "davletshinaztecan": [
      2.0565294480419363,
      0.3807238778109799,
      0.6284069127499234,
      0.46010326458739914
    ]
  },
  "Mockingbird-I1": {
    "total": [
      1.2120836595026918,
      0.2692950201624056,
      0.6686154131194963,
      0.6240086632203073
    ],
    "color": "Purple",
    "mannburmish": [
      1.9048197094123405,
      0.5110976962028515,
      0.43006528443106434,
      0.3353927564228328
    ],