{
  "CEoT-Extalign-RF": {
    "total": [
      1.360727298729341,
      0.3118391252133165,
      0.6499002945769049,
      0.5710353690050138
    ],
    "color": "DarkOrange",
    "mannburmish": [
      2.030605209351498,
      0.5544196218501399,
      0.42742319764135356,
      0.29867000084079187
    ],
    "hantganbangime": [
      1.7885974720539222,
      0.4479801822999817,
      0.47607700229404704,
      0.3901520263471419
    ],
    "felekesemitic": [
      2.2796159933995694,
      0.45235830948101624,
      0.5084139045185893,
      0.36446890350714833
    ],
    "hattorijaponic": [
      1.0302752019822743,
      0.23163299854754799,
      0.7375850872906982,
      0.6843545250481108
    ],
    "listsamplesize": [
      2.219145941707794,
      0.4734513258426004,
      0.4767852807747829,
      0.3925349502687271
    ],
    "abrahammonpa": [
      0.7334710743801653,
      0.14301295868961156,
      0.799869766512564,
      0.7674970728798005
    ],
    "allenbai": [
      0.6843653212112275,
      0.22177097911876084,
      0.7409581755388576,
      0.6914863781372822
    ],
    "backstromnorthernpakistan": [
      0.7644787644787644,
      0.18251057179628608,
      0.7979779798544515,
      0.7043957223033951
    ],
    "castrosui": [
      0.2957656277758142,
      0.07645941685519002,
      0.9035503142975341,
      0.8770422092784391
    ],
    "davletshinaztecan": [
      1.7809523809523808,
      0.3347948876520306,
      0.6303622370461713,
      0.5397519014393011
    ]
  },
  "Baseline-Baseline-SVM": {
    "total": [
      1.395925883512983,
      0.3069976072447406,
      0.6533507919545087,
      0.5818127600778195
    ],
    "color": "CornflowerBlue",
    "mannburmish": [
      1.9825238523627995,
      0.523612023997349,
      0.4482702586734003,
      0.32765880336766734
    ],
    "hantganbangime": [
      2.2112844575733397,
      0.5347316878770392,
      0.3846300497767043,
      0.31134850281934195
    ],
    "felekesemitic": [
      2.4528356565777916,
      0.44543107052212205,
      0.5324022688665102,
      0.38459243328550397
    ],
    "hattorijaponic": [
      1.0396423498873542,
      0.22791571996821008,
      0.7386659954145093,
      0.6869154886432698
    ],
    "listsamplesize": [
      2.536088797846353,
      0.5224237459551704,
      0.4406761346123947,
      0.3298535357984402
    ],
    "abrahammonpa": [
      0.6167355371900826,
      0.11312184716110335,
      0.8227464276763026,
      0.818882098393819
    ],
    "allenbai": [
      0.6598285885801461,
      0.21261877547892463,
      0.7400510645420919,
      0.705278338451052
    ],
    "backstromnorthernpakistan": [
      0.6196911196911197,
      0.14300882515168228,
      0.8368377098110686,
      0.7665931136934859
    ],
    "castrosui": [
      0.21205704684941537,
      0.05417609744714524,
      0.9287324931808907,
      0.9120474943929292
    ],
    "davletshinaztecan": [
      1.6285714285714288,
      0.29293627888865986,
      0.6604955169912148,
      0.5749577919326854
    ]
  },
  "Baseline-Baseline": {
    "total": [
      1.4626194818642058,
      0.3128288548509562,
      0.6525016497821139,
      0.5697579688777809
    ],
    "color": "CornflowerBlue",
    "mannburmish": [
      2.0986368919433533,
      0.5439472341904363,
      0.4217060631855333,
      0.2989022830598521
    ],
    "hantganbangime": [
      1.5803046837242918,
      0.38810305425342134,
      0.5263353173382256,
      0.4571937656172094
    ],
    "felekesemitic": [
      1.9554277773641733,
      0.36045820762414543,
      0.5869876740135734,
      0.48024726701721193
    ],
    "hattorijaponic": [
      1.1147333552820133,
      0.2341492320482673,
      0.7216076576106983,
      0.6739465330944489
    ],
    "listsamplesize": [
      3.594009838345756,
      0.6728241821671346,
      0.3684437698282708,
      0.1822958763393352
    ],
    "abrahammonpa": [
      0.8233471074380164,
      0.15911900886074437,
      0.8037368631113547,
      0.7515045929391267
    ],
    "allenbai": [
      0.6834239493410503,
      0.2212400803032829,
      0.730245785016496,
      0.6923747984697214
    ],
    "backstromnorthernpakistan": [
      0.8725868725868725,
      0.19925767604339037,
      0.8026073922076612,
      0.6852274963314345
    ],
    "castrosui": [
      0.21483545372764043,
      0.05345646180913732,
      0.9240210436156507,
      0.9141929943132904
    ],
    "davletshinaztecan": [
      1.688888888888889,
      0.29573341120960167,
      0.6393249318936749,
      0.5616940815961782
    ]
  },
  "CrossLingference-Julia": {
    "total": [
      1.319367265258894,
      0.2893984906498521,
      0.6878742195187597,
      0.6054932670296829
    ],
    "color": "Crimson",
    "mannburmish": [
      2.1948939812567203,
      0.5749330879699046,
      0.4489885732655268,
      0.26650557604791175
    ],
    "hantganbangime": [
      1.2866893006376918,
      0.3349175323778354,
      0.5676911532360354,
      0.5258908467219344
    ],
    "felekesemitic": [
      1.235334912397019,
      0.22478277141603858,
      0.6987251157872301,
      0.6651427283113077
    ],
    "hattorijaponic": [
      1.221816602453173,
      0.254474152809987,
      0.743033148395214,
      0.6552602131073224
    ],
    "listsamplesize": [
      3.223343083948248,
      0.6354439890705783,
      0.41316954076637813,
      0.20064051314794926
    ],
    "abrahammonpa": [
      0.5227272727272727,
      0.094132961849904,
      0.8416365677506393,
      0.8567259722675019
    ],
    "allenbai": [
      0.72742595933494,
      0.23541619258994173,
      0.7406246791713209,
      0.676326655696023
    ],
    "backstromnorthernpakistan": [
      0.4111969111969112,
      0.09337194337194339,
      0.868840876216954,
      0.8505041412332888
    ],
    "castrosui": [
      0.2146890730814063,
      0.0516595528087138,
      0.9264744398167026,
      0.9181401113562371
    ],
    "davletshinaztecan": [
      2.155555555555556,
      0.3948527222336746,
      0.629558100781596,
      0.4397959124073519
    ]
  },
  "Mockingbird-I1": {
    "total": [
      1.1297090249389452,
      0.25008661402414795,
      0.6901729484442942,
      0.649800531360869
    ],
    "color": "Purple",
    "mannburmish": [
      1.780981526072425,
      0.47904978988158337,
      0.4652806460578224,
      0.36712608741543573
    ],
    "hantganbangime": [
      1.1793851478096917,
      0.30841304767926936,
      0.593378781264422,
      0.5572744845541382
    ],
    "felekesemitic": [
      1.6140353889618926,
      0.30031838889495027,
      0.6280031438472263,
      0.5656123064004001
    ],
    "hattorijaponic": [
      0.9360535411746355,
      0.20105716056161435,
      0.762892333943676,
      0.7192623361066011
    ],
    "listsamplesize": [
      2.3035311431415835,
      0.47207147050172205,
      0.45293116782255305,
      0.388513468427526
    ],
    "abrahammonpa": [
      0.5537190082644629,
      0.09979827048525397,
      0.8264950427896388,
      0.8436092632853277
    ],
    "allenbai": [
      0.5556253230367612,
      0.17989915285951377,
      0.7744985406429122,
      0.7492109958403472
    ],
    "backstromnorthernpakistan": [
      0.5830115830115831,
      0.13511674940246368,
      0.8270972526295377,
      0.783974397122798
    ],
    "castrosui": [
      0.22249361966244854,
      0.053983471435517884,
      0.917989636666996,
      0.9140227774414442
    ],
    "davletshinaztecan": [
      1.5682539682539685,
      0.27115863853959093,
      0.6531629387781579,
      0.6093991970146725
    ]
  },
  "Mockingbird-N1-A": {
    "total": [
      0,
      0,
      0,
      0
    ],
    "color": "Purple",
    "mannburmish": [
      0,
      0,
      0,
      0
    ],
    "hantganbangime": [
      0,
      0,
      0,
      0
    ],
    "felekesemitic": [
      0,
      0,
      0,
      0
    ],
    "hattorijaponic": [
      0,
      0,
      0,
      0
    ],