{
  "CEoT-Extalign-RF": {
    "total": [
      1.8434144439390892,
      0.45758030716855247,
      0.5193785774155593,
      0.4128463684661985
    ],
    "color": "DarkOrange",
    "bremerberta": [
      2.224580834374849,
      0.4115071199150288,
      0.5309839675413099,
      0.4196325124479638
    ],
    "wangbai": [
      1.3987120703216829,
      0.415485361558976,
      0.5599783231639968,
      0.44694058976698436
    ],
    "beidazihui": [
      0.723226986384881,
      0.20226918647971276,
      0.7774674315404142,
      0.7213929849604193
    ],
    "hillburmish": [
      2.241171553378585,
      0.5640315319571878,
      0.3969053300631205,
      0.3020385297203528
    ],
    "deepadungpalaung": [
      1.8876442045324848,
      0.6562649058536006,
      0.3773518798728729,
      0.22859603609697574
    ],
    "luangthongkumkaren": [
      0.7597997597346273,
      0.20965653562829392,
      0.7553901405699344,
      0.6861208032352905
    ],
    "bodtkhobwa": [
      0.7681655187509542,
      0.3286114655369478,
      0.6282813718205446,
      0.5733838259608779
    ],
    "birchallchapacuran": [
      3.2051433005844943,
      0.5179167179571966,
      0.45609435752796623,
      0.2955194392662771
    ],
    "kesslersignificance": [
      2.8841324602541882,
      0.7193135139858239,
      0.307874408487793,
      0.15611509439140545
    ],
    "bantubvd": [
      2.3415677510741446,
      0.5507467328127567,
      0.40345856356764065,
      0.29872386881543794
    ]
  },
  "Baseline-Baseline-SVM": {
    "total": [
      1.9330343853457885,
      0.4618527113479192,
      0.5371316867267996,
      0.42042502779630175
    ],
    "color": "CornflowerBlue",
    "bremerberta": [
      2.1534965121245726,
      0.4034394398894187,
      0.5565984555759227,
      0.4327933476241169
    ],
    "wangbai": [
      1.2002030693269528,
      0.3554666801358724,
      0.6092104369857649,
      0.512633403949235
    ],
    "beidazihui": [
      0.4602723023775655,
      0.1289744631849895,
      0.8204996748009931,
      0.8032192456791846
    ],
    "hillburmish": [
      2.431666476504253,
      0.6166362724335753,
      0.36374360368405656,
      0.2560022383973752
    ],
    "deepadungpalaung": [
      1.957312518201103,
      0.6843983075454785,
      0.43832490612652475,
      0.21094910325381275
    ],
    "luangthongkumkaren": [
      0.5928380186059542,
      0.1589096777991255,
      0.8180279211933423,
      0.7566510270180039
    ],
    "bodtkhobwa": [
      0.5793786861917882,
      0.24896642221363718,
      0.6899309395028463,
      0.6702026224857038
    ],
    "birchallchapacuran": [
      4.013515692741458,
      0.63362939603476,
      0.37777950726680576,
      0.1917302920292267
    ],
    "kesslersignificance": [
      3.158612611365,
      0.7458412452751879,
      0.3188903556202587,
      0.14157023664973273
    ],
    "bantubvd": [
      2.7830479660192378,
      0.6422652089671471,
      0.37831106651148094,
      0.22849876087662574
    ]
  },
  "Baseline-Baseline": {
    "total": [
      1.8888996360679713,
      0.4445382690345965,
      0.5616582507069442,
      0.4265482031009145
    ],
    "color": "CornflowerBlue",
    "bremerberta": [
      2.492211398740742,
      0.46050783851389276,
      0.5335186745886684,
      0.3503586876777649
    ],
    "wangbai": [
      1.0171071810431702,
      0.29488754899185887,
      0.6607894335282407,
      0.581092027476607
    ],
    "beidazihui": [
      1.1505791505791507,
      0.3197961119013751,
      0.6653180698329241,
      0.560414244053328
    ],
    "hillburmish": [
      2.098344867058614,
      0.5367873511798162,
      0.466199719060224,
      0.33943946576805556
    ],
    "deepadungpalaung": [
      1.6262444337539386,
      0.5788049585208964,
      0.4977969541322904,
      0.29785776383438034
    ],
    "luangthongkumkaren": [
      0.656097925312971,
      0.17489366210528412,
      0.8072666610485141,
      0.7318011790629894
    ],
    "bodtkhobwa": [
      0.6267808433893983,
      0.26606167754924126,
      0.6579770062787105,
      0.6502843692017803
    ],
    "birchallchapacuran": [
      3.168509096088722,
      0.47364372620847595,
      0.4759296776073249,
      0.31619631668785725
    ],
    "kesslersignificance": [
      4.0614353343788325,
      0.8932409263973451,
      0.2873549634295314,
      0.04445688163893446
    ],
    "bantubvd": [
      1.9916861303341733,
      0.44675888897777927,
      0.5644313475630136,
      0.39358109560744786
    ]
  },
  "CrossLingference-Julia": {
    "total": [
      1.6793831176401144,
      0.4274274213553069,
      0.6193241007226449,
      0.4296245318898906
    ],
    "color": "Crimson",
    "bremerberta": [
      1.7116069899785407,
      0.3163170539146374,
      0.6125867735087698,
      0.5371220527782624
    ],
    "wangbai": [
      1.550321136348259,
      0.45783089933133886,
      0.5974159099657637,
      0.4024010804844447
    ],
    "beidazihui": [
      1.9857752489331435,
      0.555805053173474,
      0.6391134452794145,
      0.27094904948854925
    ],
    "hillburmish": [
      2.032160639311683,
      0.5449759267465192,
      0.5124988609216068,
      0.2979927975490882
    ],
    "deepadungpalaung": [
      0.8977720526419078,
      0.32324186715815767,
      0.7250375467055411,
      0.5605079639439126
    ],
    "luangthongkumkaren": [
      1.8784433220350751,
      0.5126604506289842,
      0.6560261908543443,
      0.3331575121534739
    ],
    "bodtkhobwa": [
      0.4255515573870129,
      0.18216385449366873,
      0.7905495291539903,
      0.7580492144490364
    ],
    "birchallchapacuran": [
      2.1311463857880226,
      0.3446832600212532,
      0.5828377565158199,
      0.4790855121176584
    ],
    "kesslersignificance": [
      2.7340765048388644,
      0.693988237302529,
      0.3831137011167002,
      0.15093060594877966
    ],
    "bantubvd": [
      1.4469773391386342,
      0.3426076107825071,
      0.694061293204498,
      0.5060495299857003
    ]
  },
  "Mockingbird-I1": {
    "total": [
      1.4169823165005235,
      0.35176136367373956,
      0.6050308536957327,
      0.5337187296541888
    ],
    "color": "Purple",
    "bremerberta": [
      1.5756185128513152,
      0.29750154369465287,
      0.6202759079393754,
      0.5597163129710025
    ],
    "wangbai": [
      0.9685711899998781,
      0.2790951737950584,
      0.6583145680682264,
      0.6048226940083821
    ],
    "beidazihui": [
      0.48404795773216813,
      0.13349928876244666,
      0.803903530554923,
      0.8001936139106623
    ],
    "hillburmish": [
      1.6445502929650793,
      0.4419292594910493,
      0.5138425902528707,
      0.44774522451899657
    ],
    "deepadungpalaung": [
      1.228416265583596,
      0.44492853245370856,
      0.6024159112430266,
      0.42755111818027175
    ],
    "luangthongkumkaren": [
      0.5547111578517099,
      0.14655549420611308,
      0.8002493561080315,
      0.7803301833566277
    ],
    "bodtkhobwa": [
      0.5263428261106654,
      0.21947710929334807,
      0.702295203261226,
      0.7101300613249889
    ],
    "birchallchapacuran": [
      2.8138158549262777,
      0.46746340888831484,
      0.43985084920902473,
      0.3544929894676464
    ],
    "kesslersignificance": [
      2.8452465032543968,
      0.7267677127985603,
      0.30393719335793157,
      0.15351700479784142
    ],
    "bantubvd": [
      1.5285026037301495,
      0.3603961133541434,
      0.6052234269626915,
      0.4986880940054677
    ]
  },
  "Mockingbird-N1-A": {
    "total": [
      1.5526682275025492,
      0.37999052172679176,
      0.595911890890592,
      0.4934374243018119
    ],
    "color": "Purple",
    "bremerberta": [
      1.9907456299799868,
      0.3769962403443751,
      0.5572642695706105,
      0.46392550429773005
    ],
    "wangbai": [
      1.047289362764993,
      0.3064726375573718,
      0.6273001190807777,
      0.5766100570042052
    ],