{
  "CEoT-Extalign-RF": {
    "total": [
      1.5694502736482905,
      0.39599855357096486,
      0.5804515960120803,
      0.47726464541828323
    ],
    "color": "DarkOrange",
    "bremerberta": [
      1.9564582233484673,
      0.3613152933426201,
      0.5858140708219333,
      0.46558123545090047
    ],
    "wangbai": [
      1.0508216538383635,
      0.3134012776906216,
      0.6599945747755929,
      0.5603270437361763
    ],
    "beidazihui": [
      0.6895499618611748,
      0.19124925841172985,
      0.7896737224232985,
      0.7363751183357053
    ],
    "hillburmish": [
      1.9078444465624687,
      0.49546971411846497,
      0.4696227696060327,
      0.3687098055753364
    ],
    "deepadungpalaung": [
      1.618983297799087,
      0.5844080522485127,
      0.4740656964211357,
      0.28641134772412363
    ],
    "luangthongkumkaren": [
      0.5287326438132285,
      0.14407096536191363,
      0.8209491786069021,
      0.779018633800169
    ],
    "bodtkhobwa": [
      0.621271914446826,
      0.2654814856879234,
      0.681588716204544,
      0.6464006749546061
    ],
    "birchallchapacuran": [
      2.5255741201934123,
      0.42388294400466614,
      0.5235739645189652,
      0.3941830709028439
    ],
    "kesslersignificance": [
      2.7226965455587058,
      0.6898466210643559,
      0.33580159829641254,
      0.1794559966983144
    ],
    "bantubvd": [
      2.0725699290611717,
      0.49085992377884063,
      0.4634316684459856,
      0.35618352700465705
    ]
  },
  "Baseline-Baseline-SVM": {
    "total": [
      1.6158526162556408,
      0.3890729260804659,
      0.5990447973691144,
      0.4903341422214015
    ],
    "color": "CornflowerBlue",
    "bremerberta": [
      1.8194242952169781,
      0.3455451189868655,
      0.6150635636353058,
      0.49746899150698565
    ],
    "wangbai": [
      1.0240322611307509,
      0.303251673818285,
      0.654006688768036,
      0.576442269361298
    ],
    "beidazihui": [
      0.43986778540554294,
      0.12204424103737606,
      0.8319333894234652,
      0.814456888356062
    ],
    "hillburmish": [
      1.7929545450767366,
      0.4786910976599732,
      0.48861043812682087,
      0.38721913282491804
    ],
    "deepadungpalaung": [
      1.436372494217889,
      0.5132632592254303,
      0.5904155813333145,
      0.35675296031583753
    ],
    "luangthongkumkaren": [
      0.4473342787176824,
      0.11917552681886551,
      0.8515495091049499,
      0.8163854395420085
    ],
    "bodtkhobwa": [
      0.5224554511652744,
      0.2224182122737364,
      0.7187238869169408,
      0.7014643259781415
    ],
    "birchallchapacuran": [
      3.244770100247282,
      0.5017815596377427,
      0.4529396757886112,
      0.2943405394267971
    ],
    "kesslersignificance": [
      2.952930265362223,
      0.7358736757064237,
      0.32308696613161136,
      0.14762258900169062
    ],
    "bantubvd": [
      2.4783846860160477,
      0.5486848956399607,
      0.464118274462089,
      0.31118828590027603
    ]
  },
  "Baseline-Baseline": {
    "total": [
      1.6821275072093866,
      0.40106538946052545,
      0.6000922512660704,
      0.4716560151572001
    ],
    "color": "CornflowerBlue",
    "bremerberta": [
      2.2759606958082568,
      0.4158075127211701,
      0.5694312770812381,
      0.39794067687756723
    ],
    "wangbai": [
      0.8967857259410609,
      0.26229477738778206,
      0.6986435308735103,
      0.6229516851113412
    ],
    "beidazihui": [
      1.1083142639206713,
      0.3071107720993305,
      0.6721664537238448,
      0.5770598552317641
    ],
    "hillburmish": [
      1.5483057576087296,
      0.40952191318663494,
      0.5448162664268401,
      0.4587931957729762
    ],
    "deepadungpalaung": [
      1.5088738070152543,
      0.5419332360689268,
      0.5455372133575596,
      0.3236012035944596
    ],
    "luangthongkumkaren": [
      0.5272065411995283,
      0.14129579094550634,
      0.8471647702806193,
      0.7842421136764137
    ],
    "bodtkhobwa": [
      0.5930358980953966,
      0.25403454600523667,
      0.6815662811400867,
      0.6603099954994542
    ],
    "birchallchapacuran": [
      2.8214006347066407,
      0.43378226394749786,
      0.5060744696440505,
      0.3600339100316617
    ],
    "kesslersignificance": [
      3.9029659724830936,
      0.8774695986771741,
      0.3086057935223022,
      0.04863587824036354
    ],
    "bantubvd": [
      1.6384257753152334,
      0.3674034835659947,
      0.6269164566106522,
      0.48299163753599944
    ]
  },
  "CrossLingference-Julia": {
    "total": [
      1.6059186324923054,
      0.4111909730747342,
      0.6411350072030729,
      0.4472737391375306
    ],
    "color": "Crimson",
    "bremerberta": [
      1.4874900133741598,
      0.2797866069962107,
      0.6582615039694345,
      0.5865510805418477
    ],
    "wangbai": [
      1.5564216292601918,
      0.45793326815556706,
      0.6105033105213281,
      0.40099537144105984
    ],
    "beidazihui": [
      2.001271294177473,
      0.5549114331723025,
      0.6387312392050801,
      0.27443072951422004
    ],
    "hillburmish": [
      2.0132054061781672,
      0.5400044910100373,
      0.5241595835432046,
      0.3090508890281002
    ],
    "deepadungpalaung": [
      0.8367576243892033,
      0.3037774936270002,
      0.7648279306272463,
      0.5812889700811201
    ],
    "luangthongkumkaren": [
      1.6173449574999128,
      0.44657889228986747,
      0.6971777215626567,
      0.3876234632133265
    ],
    "bodtkhobwa": [
      0.4149490372871056,
      0.17993098741501826,
      0.8032422896982451,
      0.7604085308735187
    ],
    "birchallchapacuran": [
      2.0525331565176472,
      0.3308687157277859,
      0.6048736723214692,
      0.4918042244209061
    ],
    "kesslersignificance": [
      2.640350992133257,
      0.6812351464281728,
      0.4037536262992438,
      0.1688537262419535
    ],
    "bantubvd": [
      1.4388622141059353,
      0.33688269592537956,
      0.7058191942828214,
      0.5117304060192533
    ]
  },
  "Mockingbird-I1": {
    "total": [
      1.272493550651723,
      0.316240240534308,
      0.6428278176401176,
      0.5723601982335171
    ],
    "color": "Purple",
    "bremerberta": [
      1.5292110565586174,
      0.2851559846382231,
      0.6340948479302573,
      0.5826607550447371
    ],
    "wangbai": [
      0.8500239199303617,
      0.24262630032480792,
      0.693357982701371,
      0.6501018038358075
    ],
    "beidazihui": [
      0.4569031273836766,
      0.12406559877955757,
      0.8165570930080349,
      0.814750835504507
    ],
    "hillburmish": [
      1.364228458331625,
      0.36695305536736067,
      0.5689010696106966,
      0.518665599693807
    ],
    "deepadungpalaung": [
      1.0947917937227147,
      0.3956993704575941,
      0.6679217976563974,
      0.4809877707436378
    ],
    "luangthongkumkaren": [
      0.4648854053591981,
      0.12122624969732501,
      0.8345980329751319,
      0.8158542903399361
    ],
    "bodtkhobwa": [
      0.46227002816739654,
      0.19512246304124561,
      0.7345683191982975,
      0.7365117535911341
    ],
    "birchallchapacuran": [
      2.4415804954076217,
      0.40126681372077977,
      0.4998694132612157,
      0.411928039696805
    ],
    "kesslersignificance": [
      2.7872810703363826,
      0.7295909286251692,
      0.3128592215888055,
      0.1459434175761906
    ],
    "bantubvd": [
      1.2737601513196357,
      0.300695640691017,
      0.6655503984709685,
      0.5661977163086089
    ]
  },
  "Mockingbird-N1-A": {
    "total": [
      1.4542399832668305,
      0.3521333077310183,
      0.6294058424159104,
      0.5292909685449981
    ],
    "color": "Purple",
    "bremerberta": [
      1.788744104811178,
      0.33177394119140624,
      0.5948004230189804,
      0.5135282225158362
    ],