{
  "Tresoldi-Extalign-Best": {
    "total": [
      1.240324069921686,
      0.27698820732078294,
      0.6861598404270508,
      0.6104058844700315
    ],
    "color": "DarkOrange",
    "mannburmish": [
      1.81267218072284,
      0.48555138440254897,
      0.4710419457551326,
      0.3603066115817021
    ],
    "hantganbangime": [
      1.5278067811234308,
      0.3875821184981915,
      0.5509079153737155,
      0.4583569147083861
    ],
    "felekesemitic": [
      1.8196066949635608,
      0.3423861775236084,
      0.6116182095856779,
      0.49917024977410346
    ],
    "hattorijaponic": [
      0.9374999999999998,
      0.22018353174603175,
      0.7618105827883612,
      0.6954091832784777
    ],
    "listsamplesize": [
      2.2295557496926164,
      0.4788811795936405,
      0.4787709146819009,
      0.38189153698844536
    ],
    "abrahammonpa": [
      0.58179012345679,
      0.11432919361160102,
      0.8452603968960977,
      0.8121075047716293
    ],
    "allenbai": [
      0.6260022909507446,
      0.20394234440626202,
      0.755038549695773,
      0.7188424208368317
    ],
    "backstromnorthernpakistan": [
      0.7685714285714287,
      0.164734693877551,
      0.8105397012875665,
      0.730299429152554
    ],
    "castrosui": [
      0.21547619047619046,
      0.05280257936507936,
      0.9270993757740986,
      0.9140053068866613
    ],
    "davletshinaztecan": [
      1.884259259259259,
      0.3194888701833146,
      0.6495108124321847,
      0.5336696867215239
    ]
  },
  "Tresoldi-Extaling-RF": {
    "total": [
      1.2254294973285507,
      0.2822370555578373,
      0.6882787710286532,
      0.6068492924300031
    ],
    "color": "DarkOrange",
    "mannburmish": [
      1.8097258337512514,
      0.4990101192219262,
      0.4902189075584923,
      0.352846522436136
    ],
    "hantganbangime": [
      1.5278067811234308,
      0.3875821184981915,
      0.5509079153737155,
      0.4583569147083861
    ],
    "felekesemitic": [
      1.887941303894485,
      0.3808376038652353,
      0.5916024651926286,
      0.45966783219857577
    ],
    "hattorijaponic": [
      0.9374999999999998,
      0.22018353174603175,
      0.7618105827883612,
      0.6954091832784777
    ],
    "listsamplesize": [
      2.2295557496926164,
      0.4788811795936405,
      0.4787709146819009,
      0.38189153698844536
    ],
    "abrahammonpa": [
      0.58179012345679,
      0.11432919361160102,
      0.8452603968960977,
      0.8121075047716293
    ],
    "allenbai": [
      0.6534936998854525,
      0.2127720504009164,
      0.758665449485525,
      0.7048127097585275
    ],
    "backstromnorthernpakistan": [
      0.7628571428571427,
      0.17758503401360543,
      0.8089802449844631,
      0.7130857202713503
    ],
    "castrosui": [
      0.21547619047619046,
      0.05280257936507936,
      0.9270993757740986,
      0.9140053068866613
    ],
    "davletshinaztecan": [
      1.6481481481481481,
      0.29838714526214527,
      0.6694714575512488,
      0.5763096930018415
    ]
  },
  "Baseline-Baseline-SVM": {
    "total": [
      1.2190066939113091,
      0.26541203538644537,
      0.6982162150546565,
      0.6289104395561422
    ],
    "color": "CornflowerBlue",
    "mannburmish": [
      1.827458072650412,
      0.48877000187233477,
      0.4862170294353651,
      0.34940563547005493
    ],
    "hantganbangime": [
      1.81945712311912,
      0.4400830837875832,
      0.4926572246312604,
      0.4059360070837451
    ],
    "felekesemitic": [
      1.703583172993017,
      0.3162032101428314,
      0.6416679056880309,
      0.5428791807303084
    ],
    "hattorijaponic": [
      0.8071428571428572,
      0.18039115646258502,
      0.7912687318088651,
      0.7459034672166337
    ],
    "listsamplesize": [
      2.5496158439373353,
      0.49118912780421586,
      0.47451933403164803,
      0.3688478898753186
    ],
    "abrahammonpa": [
      0.5169753086419753,
      0.09772192827748383,
      0.8549708271618255,
      0.83970695199875
    ],
    "allenbai": [
      0.6151202749140894,
      0.20021954944635356,
      0.7576436628831911,
      0.7228571087735279
    ],
    "backstromnorthernpakistan": [
      0.5971428571428572,
      0.1300408163265306,
      0.8510386559532872,
      0.7869232912073475
    ],
    "castrosui": [
      0.17023809523809522,
      0.04081845238095238,
      0.9435735651162516,
      0.9336610689298515
    ],
    "davletshinaztecan": [
      1.5833333333333333,
      0.2686830273635829,
      0.6886052138368399,
      0.5929837942758849
    ]
  },
  "Baseline-Baseline": {
    "total": [
      1.3857182286348457,
      0.2987865516196702,
      0.6735076164934243,
      0.5875651679635162
    ],
    "color": "CornflowerBlue",
    "mannburmish": [
      1.9616702892557212,
      0.5192542890616296,
      0.4590976634684899,
      0.32516722261111614
    ],
    "hantganbangime": [
      1.4560046087255576,
      0.3554372267239774,
      0.5699488614430209,
      0.49830390522601925
    ],
    "felekesemitic": [
      1.7515900773073771,
      0.32442643103506547,
      0.6253459695426564,
      0.5316047327355508
    ],
    "hattorijaponic": [
      1.042857142857143,
      0.22506448412698413,
      0.7455520940996019,
      0.6839920745814059
    ],
    "listsamplesize": [
      3.3593627009759803,
      0.6462361959516748,
      0.36835378176848854,
      0.21146149827859287
    ],
    "abrahammonpa": [
      0.8487654320987654,
      0.16738287860973045,
      0.814956638686145,
      0.7373678247879293
    ],
    "allenbai": [
      0.6878579610538373,
      0.22336769759450176,
      0.7407859978744795,
      0.6916771468779032
    ],
    "backstromnorthernpakistan": [
      0.8142857142857143,
      0.17437414965986395,
      0.8189482369608507,
      0.7218001532431663
    ],
    "castrosui": [
      0.19404761904761905,
      0.04712301587301587,
      0.9348606967012556,
      0.9230810563553995
    ],
    "davletshinaztecan": [
      1.740740740740741,
      0.3051991475602587,
      0.6572262243892546,
      0.5511960649380785
    ]
  },
  "Jaeger-Julia": {
    "total": [
      1.2842185646647346,
      0.2831357964360532,
      0.7065634903693517,
      0.612971509415383
    ],
    "color": "Crimson",
    "mannburmish": [
      2.1414542702845827,
      0.5699414468907789,
      0.4795112174693837,
      0.27176212055448434
    ],
    "hantganbangime": [
      1.2324003244411397,
      0.313657954556524,
      0.607225351463885,
      0.5511338556897024
    ],
    "felekesemitic": [
      1.1384670019355223,
      0.20834831285939184,
      0.7264454758973966,
      0.6906813345212055
    ],
    "hattorijaponic": [
      1.0910714285714287,
      0.24301870748299317,
      0.7677044005350857,
      0.6656299641718809
    ],
    "listsamplesize": [
      3.1572751392786342,
      0.6253322938368319,
      0.431403341062802,
      0.22707843447762543
    ],
    "abrahammonpa": [
      0.449074074074074,
      0.08230758867332942,
      0.8666400632780561,
      0.8708731544812374
    ],
    "allenbai": [
      0.765750286368843,
      0.24813860252004583,
      0.7356355346815503,
      0.6598668964362417
    ],
    "backstromnorthernpakistan": [
      0.47714285714285715,
      0.10359183673469388,
      0.8660625814932793,
      0.8314765621289535
    ],
    "castrosui": [
      0.23214285714285718,
      0.05589781746031746,
      0.9262791873669192,
      0.9100713330146699
    ],
    "davletshinaztecan": [
      2.157407407407407,
      0.3811234033456256,
      0.6587277504451594,
      0.4511414386778292
    ]
  },
  "Mockingbird-I1": {
    "total": [
      1.0965558156567308,
      0.23822736611627826,
      0.7081903686133759,
      0.6660964045048824
    ],
    "color": "Purple",
    "mannburmish": [
      1.6827148152715872,
      0.45644844113113203,
      0.5032101593357047,
      0.3952807319204819
    ],