{
  "CEoT-Extalign-RF": {
    "total": [
      1.8933428603968478,
      0.42303256426685343,
      0.5436823390678872,
      0.4398377912206739
    ],
    "color": "DarkOrange",
    "mannburmish": [
      2.4053907087821136,
      0.6492494157061829,
      0.3398614494146669,
      0.21552802989483738
    ],
    "hantganbangime": [
      2.493954772589521,
      0.5930419648368848,
      0.3387568376047076,
      0.2468809004448001
    ],
    "felekesemitic": [
      3.5033996010126827,
      0.6446480104233128,
      0.3165105122299033,
      0.17998134329163007
    ],
    "hattorijaponic": [
      1.4547911601906651,
      0.3196079402129918,
      0.6447522448669216,
      0.5611231485729737
    ],
    "listsamplesize": [
      2.3513104265469225,
      0.5074513621703829,
      0.43712238009956783,
      0.36214777759812544
    ],
    "abrahammonpa": [
      1.3536406318228993,
      0.2718743522299422,
      0.6776873033615801,
      0.5723302118854351
    ],
    "allenbai": [
      1.076972837271108,
      0.34557891801719054,
      0.6354439781286287,
      0.534574466920777
    ],
    "backstromnorthernpakistan": [
      1.0149769585253456,
      0.23313857801184984,
      0.7361356443193873,
      0.6358453861278556
    ],
    "castrosui": [
      0.7432571249580335,
      0.1962465667372034,
      0.7830443880349927,
      0.6962948619657454
    ],
    "davletshinaztecan": [
      2.535734382269188,
      0.4694885343225934,
      0.5275086526185158,
      0.393671785504559
    ]
  },
  "Baseline-Baseline-SVM": {
    "total": [
      1.9827801772304496,
      0.42056834697407064,
      0.5530226763280277,
      0.4489020867102595
    ],
    "color": "CornflowerBlue",
    "mannburmish": [
      2.3331894609541024,
      0.6149013639438472,
      0.3589090113756549,
      0.24064785282037238
    ],
    "hantganbangime": [
      2.983540923199444,
      0.6787872062345977,
      0.26819064661055064,
      0.18667961240143652
    ],
    "felekesemitic": [
      4.335930665900929,
      0.7222861424711166,
      0.30435493827277693,
      0.12178477717289656
    ],
    "hattorijaponic": [
      1.786608157755508,
      0.37589274580477505,
      0.5941170650386675,
      0.5039323251309752
    ],
    "listsamplesize": [
      2.8015615589537877,
      0.5751784461384711,
      0.3896690637250326,
      0.2721640644416655
    ],
    "abrahammonpa": [
      1.112150602677215,
      0.223203226790343,
      0.7288442728891832,
      0.6449212961133917
    ],
    "allenbai": [
      0.8507212179535444,
      0.27402039746247814,
      0.6833457792974763,
      0.6294351323296008
    ],
    "backstromnorthernpakistan": [
      0.8099078341013826,
      0.18389636157493294,
      0.7901415159591677,
      0.7084296142367249
    ],
    "castrosui": [
      0.5609681138231564,
      0.14807743351442726,
      0.8458593117258875,
      0.7642898661772217
    ],
    "davletshinaztecan": [
      2.2532232369854257,
      0.4094401458057175,
      0.5667951583858796,
      0.41673632627830975
    ]
  },
  "Baseline-Baseline": {
    "total": [
      1.7540877821005858,
      0.3696903258383479,
      0.5978463600795401,
      0.5000546438174894
    ],
    "color": "CornflowerBlue",
    "mannburmish": [
      2.3266097832519224,
      0.6010434658620893,
      0.3616101603061524,
      0.25317169753539986
    ],
    "hantganbangime": [
      1.982297562405476,
      0.4772045676593299,
      0.4372532970785034,
      0.358717137175832
    ],
    "felekesemitic": [
      2.9027837234544496,
      0.5295360113965677,
      0.449461251632892,
      0.2829629983540926
    ],
    "hattorijaponic": [
      1.5029517820430454,
      0.3044343963730302,
      0.6451717427540362,
      0.5792873334582945
    ],
    "listsamplesize": [
      3.6823824010293675,
      0.6855094475161474,
      0.3724548062405419,
      0.16682475553047368
    ],
    "abrahammonpa": [
      0.9350967741675088,
      0.17656322392536755,
      0.7561323610804773,
      0.7172738117953712
    ],
    "allenbai": [
      0.7580586753915701,
      0.24519200326340387,
      0.7079124289395965,
      0.6608483297443676
    ],
    "backstromnorthernpakistan": [
      0.96889400921659,
      0.22009134298880842,
      0.7696696507917759,
      0.6602844732705976
    ],
    "castrosui": [
      0.38738601807431317,
      0.0997336790446999,
      0.8841229946467475,
      0.8395048346653466
    ],
    "davletshinaztecan": [
      2.094417091971615,
      0.3575951203540346,
      0.594674907324677,
      0.48167106664511866
    ]
  },
  "CrossLingference-Julia": {
    "total": [
      1.3761700718695478,
      0.29925726518157314,
      0.6646848944569762,
      0.591362572312643
    ],
    "color": "Crimson",
    "mannburmish": [
      2.2973082692625346,
      0.6012068506342112,
      0.4036381492012411,
      0.24774523348181468
    ],
    "hantganbangime": [
      1.313275602975345,
      0.3423521826797704,
      0.5526644412102845,
      0.5157108294406036
    ],
    "felekesemitic": [
      1.3824388830548164,
      0.25000180681184675,
      0.6674168513493819,
      0.6311140345008268
    ],
    "hattorijaponic": [
      1.454802662575977,
      0.29044092692580303,
      0.6865891627592846,
      0.6064838455067921
    ],
    "listsamplesize": [
      3.0838390063392374,
      0.6100380309882233,
      0.4109153899969037,
      0.2171386121549322
    ],
    "abrahammonpa": [
      0.547941254289397,
      0.09835155552490668,
      0.8232938697426306,
      0.8457689743311432
    ],
    "allenbai": [
      0.7242494309255595,
      0.23420087064254108,
      0.7263738193475553,
      0.6783368179146746
    ],
    "backstromnorthernpakistan": [
      0.5241935483870968,
      0.11584467120181403,
      0.8325239570002484,
      0.8185368170988178
    ],
    "castrosui": [
      0.2310140331375164,
      0.056617766671341996,
      0.9189271926382194,
      0.9095723054809086
    ],
    "davletshinaztecan": [
      2.202638027747997,
      0.3935179897352732,
      0.6245061113240126,
      0.4432182532159168
    ]
  },
  "Mockingbird-I1": {
    "total": [
      1.4034039420342583,
      0.3087541863019215,
      0.6306924320136721,
      0.5786641257924542
    ],
    "color": "Purple",
    "mannburmish": [
      2.0209453088499685,
      0.5452033814084033,
      0.3891761929311011,
      0.3006734749231167
    ],
    "hantganbangime": [
      1.382491841568575,
      0.3607630395024298,
      0.5294873118433012,
      0.49706932421388705
    ],
    "felekesemitic": [
      2.850814599969586,
      0.530959774379129,
      0.4073887805446848,
      0.3137952230608932
    ],
    "hattorijaponic": [
      1.3320361217812402,
      0.26738925049972717,
      0.6874852654886693,
      0.6309391022306243
    ],
    "listsamplesize": [
      2.4336160265334765,
      0.5107390082627453,
      0.42019239706144146,
      0.3461316280684772
    ],
    "abrahammonpa": [
      0.6613017495226567,
      0.12297855512930728,
      0.8001986571185181,
      0.8039031141554271
    ],
    "allenbai": [
      0.6390574835136725,
      0.2073268327907811,
      0.748921642217574,
      0.7117593810683857
    ],
    "backstromnorthernpakistan": [
      0.728110599078341,
      0.16632104454685095,
      0.793545441695097,
      0.7388909971635671
    ],
    "castrosui": [
      0.2908257058189233,
      0.0737667677374885,
      0.9014996816974877,
      0.8816744663828852
    ],
    "davletshinaztecan": [
      1.6948399837061439,
      0.30209420876235243,
      0.6290289495388465,
      0.5618045466572781
    ]
  },
  "Mockingbird-N1-A": {
    "total": [
      1.602350171603375,
      0.33913496424292106,
      0.5907435936430194,
      0.5361626364946733
    ],
    "color": "Purple",
    "mannburmish": [
      2.411052375768096,
      0.6202791906241901,
      0.341469856367853,
      0.2362337344583732
    ],