{
  "CEoT-Extalign-RF": {
    "total": [
      1.2208100892919183,
      0.31746121037010094,
      0.6798165676100354,
      0.5708681167381509
    ],
    "color": "DarkOrange",
    "bremerberta": [
      1.4207317073170733,
      0.27509436701509876,
      0.6793821555510176,
      0.5734979944474863
    ],
    "wangbai": [
      0.7416666666666667,
      0.22094696969696964,
      0.7479501912703923,
      0.6787660416294747
    ],
    "beidazihui": [
      0.6918016194331984,
      0.19071356275303644,
      0.8055718609620319,
      0.7404694872915195
    ],
    "hillburmish": [
      1.2632846095005938,
      0.3485076643545659,
      0.6152628886459426,
      0.5338249237731728
    ],
    "deepadungpalaung": [
      1.1891025641025639,
      0.43269230769230765,
      0.6833052867742339,
      0.4408286083759742
    ],
    "luangthongkumkaren": [
      0.40625,
      0.10995065789473685,
      0.865998885403692,
      0.8321790832536269
    ],
    "bodtkhobwa": [
      0.43715846994535523,
      0.19063069216757741,
      0.7681057228373425,
      0.7442213728727711
    ],
    "birchallchapacuran": [
      1.847578792321317,
      0.3482337958423315,
      0.6019995225937468,
      0.49313957326012625
    ],
    "kesslersignificance": [
      2.5322263914946843,
      0.6685141010750767,
      0.43814234142186265,
      0.19850009394666776
    ],
    "bantubvd": [
      1.6783000721377295,
      0.38932798520930867,
      0.5924468206400919,
      0.4732539885306891
    ]
  },
  "Baseline-Baseline-SVM": {
    "total": [
      1.1723142609606647,
      0.29279651250826044,
      0.7067323293643086,
      0.5984892597330531
    ],
    "color": "CornflowerBlue",
    "bremerberta": [
      1.1219512195121952,
      0.21897744870305846,
      0.7349145844568865,
      0.6506915057865236
    ],
    "wangbai": [
      0.6856060606060604,
      0.19999999999999996,
      0.7514143470985182,
      0.7065475385848182
    ],
    "beidazihui": [
      0.4767206477732794,
      0.1312668690958165,
      0.8337828329320768,
      0.8016329202157573
    ],
    "hillburmish": [
      1.1895800613915908,
      0.32030677415722075,
      0.6444984298236761,
      0.5632377032732889
    ],
    "deepadungpalaung": [
      0.8125,
      0.2950854700854701,
      0.8118010334429132,
      0.5913449629943538
    ],
    "luangthongkumkaren": [
      0.35361842105263147,
      0.09394188596491228,
      0.8849961434150392,
      0.8509817591617961
    ],
    "bodtkhobwa": [
      0.35450819672131145,
      0.1470856102003643,
      0.8062482746667551,
      0.7986402750430872
    ],
    "birchallchapacuran": [
      2.2458695548141336,
      0.40261072431179745,
      0.5616896515243232,
      0.4142814942586859
    ],
    "kesslersignificance": [
      2.5806227106227104,
      0.6763927603561751,
      0.4408201911768465,
      0.18032306664656567
    ],
    "bantubvd": [
      1.9021657371127347,
      0.4422975822077895,
      0.5971578051060512,
      0.427211371365655
    ]
  },
  "Baseline-Baseline": {
    "total": [
      1.3252977907883565,
      0.33608223596560405,
      0.6679989002093899,
      0.5412225888556389
    ],
    "color": "CornflowerBlue",
    "bremerberta": [
      1.6463414634146343,
      0.31164343786295,
      0.6752973077371075,
      0.5161650517877906
    ],
    "wangbai": [
      0.7583333333333334,
      0.21925505050505048,
      0.7471661236883177,
      0.6792963557536573
    ],
    "beidazihui": [
      1.1366396761133604,
      0.31163967611336024,
      0.67953546905913,
      0.5732838551434497
    ],
    "hillburmish": [
      1.206070608726515,
      0.3231675190710426,
      0.6336001026713435,
      0.5625897385885401
    ],
    "deepadungpalaung": [
      1.3028846153846154,
      0.4757478632478633,
      0.676671978258993,
      0.3872487272005466
    ],
    "luangthongkumkaren": [
      0.4703947368421053,
      0.12552083333333333,
      0.8668234409400123,
      0.8048028528808036
    ],
    "bodtkhobwa": [
      0.4521857923497268,
      0.189606102003643,
      0.7505012743082962,
      0.7426795538379842
    ],
    "birchallchapacuran": [
      2.008380856959343,
      0.36100386220874997,
      0.5828819902530717,
      0.4613019913464679
    ],
    "kesslersignificance": [
      2.8965585633878312,
      0.7172929232981498,
      0.3787948038387259,
      0.14447423181241598
    ],
    "bantubvd": [
      1.3751882613721014,
      0.3259450920118981,
      0.6887165113389015,
      0.5403835302047331
    ]
  },
  "CrossLingference-Julia": {
    "total": [
      1.4953767149312234,
      0.39119892793853606,
      0.6882434735350247,
      0.4760233122389355
    ],
    "color": "Crimson",
    "bremerberta": [
      1.1341463414634148,
      0.21969367015098723,
      0.7570734616888226,
      0.6563536617719123
    ],
    "wangbai": [
      1.525,
      0.44792929292929273,
      0.6616404538861886,
      0.4216153652917945
    ],
    "beidazihui": [
      2.0005060728744937,
      0.549350539811066,
      0.640130366271182,
      0.28165234344150003
    ],
    "hillburmish": [
      1.9466964102989688,
      0.5245453474193619,
      0.5725343505236131,
      0.33704708239552555
    ],
    "deepadungpalaung": [
      0.6298076923076923,
      0.23319978632478633,
      0.863548538472891,
      0.6685588261339219
    ],
    "luangthongkumkaren": [
      1.863486842105263,
      0.4984375,
      0.6664026862527619,
      0.35677389643989005
    ],
    "bodtkhobwa": [
      0.37568306010928965,
      0.1635928961748634,
      0.8305282272794874,
      0.7815004930364396
    ],
    "birchallchapacuran": [
      1.7072297534428664,
      0.29973642433592484,
      0.6446338858833716,
      0.5354689801799173
    ],
    "kesslersignificance": [
      2.5199463950683465,
      0.6735754361782238,
      0.49073364502075545,
      0.1733342612650577
    ],
    "bantubvd": [
      1.2512645816418981,
      0.30192838606085454,
      0.7552091200711727,
      0.5479282124333963
    ]
  },
  "Mockingbird-I1": {
    "total": [
      1.0413225298738344,
      0.2648052468982754,
      0.7119659170836019,
      0.632633947442519
    ],
    "color": "Purple",
    "bremerberta": [
      1.0731707317073171,
      0.2068815331010453,
      0.7413081139646831,
      0.669854818137436
    ],
    "wangbai": [
      0.6598484848484848,
      0.18744949494949487,
      0.7474801496269114,
      0.7223087994209113
    ],
    "beidazihui": [
      0.4676113360323887,
      0.12872807017543858,
      0.8249468720026577,
      0.8117894198434087
    ],
    "hillburmish": [
      1.002325770726243,
      0.2717668988020789,
      0.675608352199005,
      0.6291261920889731
    ],
    "deepadungpalaung": [
      0.7900641025641026,
      0.2821314102564103,
      0.8030504776343935,
      0.6086625160270912
    ],
    "luangthongkumkaren": [
      0.4490131578947369,
      0.11546052631578949,
      0.8484720741735768,
      0.8240298995744612
    ],
    "bodtkhobwa": [
      0.37636612021857924,
      0.15171903460837888,
      0.7881494591537741,
      0.7939112438673437
    ],
    "birchallchapacuran": [
      2.0378462423806925,
      0.36094267567545335,
      0.5569480305224375,
      0.4714966706798297
    ],
    "kesslersignificance": [
      2.3966648798356114,
      0.6573442181125108,
      0.4186189714582541,
      0.20204639893851134
    ],
    "bantubvd": [
      1.1603144725301882,
      0.28562860698615367,
      0.7150766701003257,
      0.5931135158472236
    ]
  },
  "Mockingbird-N1-A": {
    "total": [
      1.1512291909023546,
      0.28249437441268044,
      0.701102936683794,
      0.61383637873921
    ],
    "color": "Purple",
    "bremerberta": [
      1.3963414634146343,
      0.27458139759969025,
      0.6795645316884688,
      0.5862482782204566
    ],
    "wangbai": [
      0.6371212121212122,
      0.1826893939393939,
      0.7631926666313754,
      0.7369112048927787
    ],