{
  "Tresoldi-Extalign-Best": {
    "total": [
      0.9894387282231034,
      0.262078025432135,
      0.7615393195344515,
      0.6417514227494583
    ],
    "color": "DarkOrange",
    "bremerberta": [
      1.0375,
      0.18866071428571424,
      0.7882399849719904,
      0.7085883698283122
    ],
    "wangbai": [
      0.4833333333333332,
      0.1448232323232323,
      0.8282624652718923,
      0.7811548824526939
    ],
    "beidazihui": [
      0.6609311740890689,
      0.17758097165991907,
      0.8335233788540931,
      0.7537693167973974
    ],
    "hillburmish": [
      1.1990825496838449,
      0.3256665143652501,
      0.66559073886836,
      0.5642587084349275
    ],
    "deepadungpalaung": [
      0.8375,
      0.3208333333333333,
      0.8282556564474948,
      0.5742191222069991
    ],
    "luangthongkumkaren": [
      0.2894736842105263,
      0.07675438596491228,
      0.9096643747436854,
      0.8802395641799723
    ],
    "bodtkhobwa": [
      0.28125,
      0.12013134057971013,
      0.861443226272954,
      0.8339357624873387
    ],
    "birchallchapacuran": [
      1.4986605607155143,
      0.31116242318077325,
      0.6594284593140157,
      0.5514245602775962
    ],
    "kesslersignificance": [
      2.262044817927171,
      0.6404098972922504,
      0.532669332610166,
      0.22019359347674552
    ],
    "bantubvd": [
      1.344611162271576,
      0.31475744133625505,
      0.7083155779898638,
      0.5497303473526002
    ]
  },
  "Tresoldi-Extaling-RF": {
    "total": [
      1.037749320743428,
      0.27629812868914205,
      0.7474933968150244,
      0.6242897358197467
    ],
    "color": "DarkOrange",
    "bremerberta": [
      1.0375,
      0.18866071428571424,
      0.7882399849719904,
      0.7085883698283122
    ],
    "wangbai": [
      0.5303030303030303,
      0.161010101010101,
      0.8326096277343996,
      0.7583278009679211
    ],
    "beidazihui": [
      0.6751012145748987,
      0.18525641025641026,
      0.838617030183539,
      0.7438487803595009
    ],
    "hillburmish": [
      1.2947041395237509,
      0.35706096760675854,
      0.6323882895720117,
      0.5217741006082254
    ],
    "deepadungpalaung": [
      0.815625,
      0.3109375,
      0.8147591590485133,
      0.5772109604722471
    ],
    "luangthongkumkaren": [
      0.29276315789473684,
      0.0793311403508772,
      0.9128350419393901,
      0.8756810971252256
    ],
    "bodtkhobwa": [
      0.40760869565217395,
      0.174705615942029,
      0.7991560201185925,
      0.7588916740358794
    ],
    "birchallchapacuran": [
      1.4986605607155143,
      0.31116242318077325,
      0.6594284593140157,
      0.5514245602775962
    ],
    "kesslersignificance": [
      2.4806162464985997,
      0.6800989729225022,
      0.488584777277928,
      0.1974196671699588
    ],
    "bantubvd": [
      1.344611162271576,
      0.31475744133625505,
      0.7083155779898638,
      0.5497303473526002
    ]
  },
  "Baseline-Baseline-SVM": {
    "total": [
      1.0189070519992063,
      0.2625076817471944,
      0.7626355527818981,
      0.6386682227052666
    ],
    "color": "CornflowerBlue",
    "bremerberta": [
      1.0750000000000002,
      0.19368055555555555,
      0.7909159052329915,
      0.6893484062234476
    ],
    "wangbai": [
      0.5075757575757576,
      0.1504292929292929,
      0.8267401232959036,
      0.7770675542262582
    ],
    "beidazihui": [
      0.4625506072874493,
      0.12793522267206478,
      0.8627263494275197,
      0.8058372587017972
    ],
    "hillburmish": [
      1.1805591794028427,
      0.3176660928009987,
      0.6681933024984001,
      0.572882344894047
    ],
    "deepadungpalaung": [
      0.675,
      0.26171875,
      0.8726670301119203,
      0.6353370118618853
    ],
    "luangthongkumkaren": [
      0.2730263157894737,
      0.07341008771929824,
      0.9280481852922935,
      0.880779651235496
    ],
    "bodtkhobwa": [
      0.3383152173913044,
      0.14073822463768115,
      0.8347130081471661,
      0.8060509134531472
    ],
    "birchallchapacuran": [
      1.6498645510835914,
      0.32453418063131684,
      0.6479560591873924,
      0.5256767056273806
    ],
    "kesslersignificance": [
      2.3870868347338936,
      0.6590718954248366,
      0.49306037063575453,
      0.21041748074937994
    ],
    "bantubvd": [
      1.640092056727751,
      0.37589251510089955,
      0.7013351939896395,
      0.4832849000798264
    ]
  },
  "Baseline-Baseline": {
    "total": [
      1.2094524576051566,
      0.31193191295512385,
      0.7230759707160409,
      0.5715605150311285
    ],
    "color": "CornflowerBlue",
    "bremerberta": [
      1.7249999999999999,
      0.3174801587301587,
      0.7053997506867297,
      0.5102509981982202
    ],
    "wangbai": [
      0.6196969696969699,
      0.18270202020202025,
      0.8048466453053127,
      0.7287165639171462
    ],
    "beidazihui": [
      1.1022267206477732,
      0.3012314439946019,
      0.7301003247413799,
      0.582246963845318
    ],
    "hillburmish": [
      1.1829724221028568,
      0.32209993285001,
      0.6555759359145039,
      0.5656435869070191
    ],
    "deepadungpalaung": [
      1.0749999999999997,
      0.4203125,
      0.7606628576553599,
      0.4421931248470792
    ],
    "luangthongkumkaren": [
      0.3782894736842105,
      0.10191885964912281,
      0.9109154534831134,
      0.8405085005284844
    ],
    "bodtkhobwa": [
      0.49320652173913043,
      0.20335144927536236,
      0.7570055693007793,
      0.721011036836561
    ],
    "birchallchapacuran": [
      1.6278272273821806,
      0.310761227005422,
      0.6480101824064085,
      0.5406937635985017
    ],
    "kesslersignificance": [
      2.770392156862745,
      0.7041294517807122,
      0.46985801093385726,
      0.16559013848059984
    ],
    "bantubvd": [
      1.1199130839356997,
      0.25533208606382823,
      0.7883849767329643,
      0.6187504731523554
    ]
  },
  "Jaeger-Julia": {
    "total": [
      1.4804469907728801,
      0.3929381901980621,
      0.7251452650018875,
      0.4793450118135992
    ],
    "color": "Crimson",
    "bremerberta": [
      1.0875,
      0.20523809523809525,
      0.8028671804021796,
      0.6777027881814418
    ],
    "wangbai": [
      1.5272727272727271,
      0.4451767676767676,
      0.7090761568556616,
      0.42059357541850917
    ],
    "beidazihui": [
      2.0192307692307696,
      0.5485661268556006,
      0.6679672325989927,
      0.2704859138989282
    ],
    "hillburmish": [
      2.0441782923281537,
      0.5576346026662092,
      0.578164974979017,
      0.3142639079708899
    ],
    "deepadungpalaung": [
      0.58125,
      0.22812499999999994,
      0.9020734810237047,
      0.6765548400932279
    ],
    "luangthongkumkaren": [
      1.9835526315789473,
      0.5199561403508772,
      0.6948619688836597,
      0.33186659631010185
    ],
    "bodtkhobwa": [
      0.38586956521739124,
      0.171875,
      0.8449757450499288,
      0.7697606117807305
    ],
    "birchallchapacuran": [
      1.419425094599243,
      0.2705170461215675,
      0.7035402390760418,
      0.596589631662379
    ],
    "kesslersignificance": [
      2.4779271708683472,
      0.6756055088702148,
      0.5433368192330439,
      0.19463449384171808
    ],
    "bantubvd": [
      1.278263656633222,
      0.30668761420128876,
      0.8045888519166453,
      0.5409977589780655
    ]
  },
  "Mockingbird-I1": {
    "total": [
      0.9200532775139207,
      0.2431316340782435,
      0.7672735092897016,
      0.6633184488563897
    ],
    "color": "Purple",
    "bremerberta": [
      1.1625,
      0.21392857142857144,
      0.7735728558184602,
      0.657548791344319
    ],
    "wangbai": [
      0.4909090909090909,
      0.143510101010101,
      0.8292161021125116,
      0.78668958812396
    ],
    "beidazihui": [
      0.4989878542510122,
      0.1363866396761134,
      0.8363683791894984,
      0.8009741728758156
    ],