{
  "CEoT-Extalign-RF": {
    "total": [
      1.1469128666225261,
      0.25731256090690924,
      0.7312762020088769,
      0.641839371044348
    ],
    "color": "DarkOrange",
    "mannburmish": [
      1.7413793103448274,
      0.47115880835092655,
      0.5364155158139587,
      0.3774535948090473
    ],
    "hantganbangime": [
      1.3104731462592543,
      0.34471465430227843,
      0.6144782003088286,
      0.5137198033130461
    ],
    "felekesemitic": [
      1.568528052226744,
      0.31518168436199995,
      0.6639742635120158,
      0.532874153933102
    ],
    "hattorijaponic": [
      0.7535714285714286,
      0.17327380952380952,
      0.812658542252714,
      0.7557417854359192
    ],
    "listsamplesize": [
      2.158536585365854,
      0.4686191574911087,
      0.5350191116391605,
      0.4173561903563292
    ],
    "abrahammonpa": [
      0.40625,
      0.08008184523809524,
      0.9040244199634446,
      0.861519052906187
    ],
    "allenbai": [
      0.6139747995418099,
      0.2016036655211913,
      0.7894096842184243,
      0.7197112853301048
    ],
    "backstromnorthernpakistan": [
      0.6171428571428571,
      0.1247891156462585,
      0.8749072774556684,
      0.7891920564352513
    ],
    "castrosui": [
      0.16964285714285715,
      0.041934523809523803,
      0.9451185435497305,
      0.9326337796739219
    ],
    "davletshinaztecan": [
      2.1296296296296298,
      0.3517683448239004,
      0.6367564613748238,
      0.5181920082505707
    ]
  },
  "Baseline-Baseline-SVM": {
    "total": [
      1.1563376320791277,
      0.24347826406363826,
      0.7435411658450609,
      0.657692709446702
    ],
    "color": "CornflowerBlue",
    "mannburmish": [
      1.6945812807881773,
      0.45192939244663377,
      0.5565986623537353,
      0.39097862913544706
    ],
    "hantganbangime": [
      1.3674102594326105,
      0.3473785703645968,
      0.5996656199277732,
      0.5144713627354055
    ],
    "felekesemitic": [
      1.3946666172553766,
      0.2596145590222665,
      0.7174528461215004,
      0.6153089984996026
    ],
    "hattorijaponic": [
      0.7392857142857142,
      0.16518707482993197,
      0.8236756566869271,
      0.7686993043341555
    ],
    "listsamplesize": [
      2.648971783835486,
      0.4697229180928116,
      0.5334849545161402,
      0.39157282221900713
    ],
    "abrahammonpa": [
      0.346875,
      0.06713169642857145,
      0.9131785088870022,
      0.8883744540627375
    ],
    "allenbai": [
      0.6242840778923253,
      0.20408552882779693,
      0.7814207736909372,
      0.7191116352324673
    ],
    "backstromnorthernpakistan": [
      0.5885714285714286,
      0.11570068027210886,
      0.8867470268211645,
      0.8084262210653915
    ],
    "castrosui": [
      0.13095238095238096,
      0.030902777777777776,
      0.9596808029837304,
      0.9496213230143102
    ],
    "davletshinaztecan": [
      2.027777777777778,
      0.323129442573887,
      0.6635068064616988,
      0.530362344168496
    ]
  },
  "Baseline-Baseline": {
    "total": [
      1.340719797773914,
      0.2835211460877218,
      0.7155949774806932,
      0.6057010209212803
    ],
    "color": "CornflowerBlue",
    "mannburmish": [
      1.982758620689655,
      0.519376026272578,
      0.5107044262771787,
      0.31992100187798195
    ],
    "hantganbangime": [
      1.3116613015576546,
      0.3255255611952229,
      0.6237519815018541,
      0.5368788667907973
    ],
    "felekesemitic": [
      1.4602915466886055,
      0.2729674696357384,
      0.6922538499700227,
      0.5943959324810038
    ],
    "hattorijaponic": [
      0.9142857142857144,
      0.19363378684807256,
      0.798729673450816,
      0.725477485912885
    ],
    "listsamplesize": [
      3.3383548541367767,
      0.6212153215560678,
      0.4103559084051668,
      0.22330274865950617
    ],
    "abrahammonpa": [
      0.553125,
      0.11747271825396825,
      0.9038501581800438,
      0.8054016638216739
    ],
    "allenbai": [
      0.7205040091638031,
      0.23472699503627334,
      0.7656495556141729,
      0.678052761401677
    ],
    "backstromnorthernpakistan": [
      0.8914285714285713,
      0.1796598639455782,
      0.8559045287832904,
      0.7173217495999451
    ],
    "castrosui": [
      0.16071428571428573,
      0.03960317460317461,
      0.950770584515067,
      0.9359165625737011
    ],
    "davletshinaztecan": [
      2.0740740740740744,
      0.3310305435305435,
      0.6439791081093201,
      0.520341436093632
    ]
  },
  "CrossLingference-Julia": {
    "total": [
      1.2778478874738266,
      0.2784589122487997,
      0.7398679847797411,
      0.6196768101887439
    ],
    "color": "Crimson",
    "mannburmish": [
      2.1502463054187193,
      0.5669540229885056,
      0.5363255924991083,
      0.2747206858249674
    ],
    "hantganbangime": [
      1.1592139506230212,
      0.2972156369124802,
      0.6443453169587026,
      0.572886210315916
    ],
    "felekesemitic": [
      1.0952513524376353,
      0.2019735064667902,
      0.7583382976463957,
      0.6960571233171616
    ],
    "hattorijaponic": [
      1.1,
      0.24740221088435374,
      0.7820074469994277,
      0.663244477596404
    ],
    "listsamplesize": [
      3.2201099952175993,
      0.623010498853397,
      0.48982487293620214,
      0.22172502630285504
    ],
    "abrahammonpa": [
      0.26875,
      0.050026041666666674,
      0.9223874955288536,
      0.9186396862175458
    ],
    "allenbai": [
      0.7835051546391752,
      0.25420007636502473,
      0.7601218194866182,
      0.6524420145261627
    ],
    "backstromnorthernpakistan": [
      0.3885714285714286,
      0.08122448979591837,
      0.9074226271275897,
      0.871335472272676
    ],
    "castrosui": [
      0.18690476190476193,
      0.0464484126984127,
      0.9468086987098061,
      0.9251308848037142
    ],
    "davletshinaztecan": [
      2.4259259259259256,
      0.4161342258564481,
      0.6510976799047069,
      0.4005865207100358
    ]
  },
  "Mockingbird-I1": {
    "total": [
      1.052771324094002,
      0.2255198621167122,
      0.7447394807895235,
      0.6805369858226582
    ],
    "color": "Purple",
    "mannburmish": [
      1.5492610837438427,
      0.41828524513253573,
      0.5681780242830922,
      0.43026360207549363
    ],
    "hantganbangime": [
      1.1224812650760212,
      0.2880405254876211,
      0.6401191453582199,
      0.5843154733067532
    ],
    "felekesemitic": [
      1.2943373716150355,
      0.2421206012388413,
      0.7205340526941256,
      0.6460328939401471
    ],
    "hattorijaponic": [
      0.7107142857142856,
      0.1585841836734694,
      0.8267452501388528,
      0.7805815637735607
    ],
    "listsamplesize": [
      2.3521042563366814,
      0.4552875936035908,
      0.5015999550051858,
      0.4045010571753725
    ],
    "abrahammonpa": [
      0.33749999999999997,
      0.06143229166666667,
      0.9059300372641621,
      0.8996071721694114
    ],
    "allenbai": [
      0.5486827033218785,
      0.1787896143566247,
      0.8007339090350931,
      0.7507002543618282
    ],
    "backstromnorthernpakistan": [
      0.6,
      0.12351020408163264,
      0.8713187963486358,
      0.7997190600258783
    ],
    "castrosui": [
      0.14226190476190478,
      0.03339285714285715,
      0.9522286202216507,
      0.9470280364285031
    ],
    "davletshinaztecan": [
      1.8703703703703702,
      0.29575550478328255,
      0.6600070175462162,
      0.5626207449696337
    ]
  },
  "Mockingbird-N1-A": {
    "total": [
      1.2532979998473888,
      0.2674179769250559,
      0.7152157512361601,
      0.631644684357962
    ],
    "color": "Purple",
    "mannburmish": [
      1.7413793103448274,
      0.46812104152005624,
      0.5344821472267448,
      0.3935376742073589
    ],
    "hantganbangime": [
      1.2809737652369262,
      0.3302000819073387,
      0.612540389451514,
      0.5392424598571174
    ],