{
  "CEoT-Extalign-RF": {
    "total": [
      1.4037671812960764,
      0.352479222017154,
      0.633136668713062,
      0.5286024411099635
    ],
    "color": "DarkOrange",
    "bremerberta": [
      1.6205601092896176,
      0.3095317785584179,
      0.6388151114904127,
      0.5296998309462987
    ],
    "wangbai": [
      0.9166649188165342,
      0.2768303865317029,
      0.6950563727007812,
      0.6028416114316129
    ],
    "beidazihui": [
      0.7008488964346351,
      0.19772495755517824,
      0.7888283770942914,
      0.7298085855283185
    ],
    "hillburmish": [
      1.5245508282112528,
      0.4172008966542,
      0.544191332292024,
      0.44640567184580754
    ],
    "deepadungpalaung": [
      1.2395391949152543,
      0.44450098365617435,
      0.6123356209732194,
      0.4262203685386067
    ],
    "luangthongkumkaren": [
      0.47697368421052627,
      0.13121345029239767,
      0.8426243457683728,
      0.7983616389772843
    ],
    "bodtkhobwa": [
      0.47909090909090907,
      0.205189393939394,
      0.7456984045212687,
      0.7222407426386384
    ],
    "birchallchapacuran": [
      2.1253804860621486,
      0.37351650387245594,
      0.5658440107470302,
      0.46101667155855086
    ],
    "kesslersignificance": [
      3.0285133287764863,
      0.7170609857978277,
      0.3835632552294991,
      0.1659773112839283
    ],
    "bantubvd": [
      1.9255494571533998,
      0.4520228833137908,
      0.5144098563137207,
      0.40345197835058844
    ]
  },
  "Baseline-Baseline-SVM": {
    "total": [
      1.37125994031219,
      0.33095935743767524,
      0.656521829948328,
      0.5554196432327262
    ],
    "color": "CornflowerBlue",
    "bremerberta": [
      1.4068306010928961,
      0.2720116933385376,
      0.6750449501242952,
      0.5908935524605748
    ],
    "wangbai": [
      0.8026590499052769,
      0.2374753131006071,
      0.7095421593669131,
      0.6577208219511904
    ],
    "beidazihui": [
      0.4601018675721562,
      0.12899264289756648,
      0.8255323830432342,
      0.8047464034665357
    ],
    "hillburmish": [
      1.391053724563645,
      0.3809773484787784,
      0.5875805964678453,
      0.4894156465594771
    ],
    "deepadungpalaung": [
      0.9377269975786924,
      0.33008632213478606,
      0.7214278296933596,
      0.5522353378263973
    ],
    "luangthongkumkaren": [
      0.4122807017543859,
      0.11010077276524645,
      0.8672350515356005,
      0.8274953766083726
    ],
    "bodtkhobwa": [
      0.39909090909090905,
      0.16984848484848486,
      0.7804086151284455,
      0.768435061259009
    ],
    "birchallchapacuran": [
      2.8534621666841016,
      0.4505266024498469,
      0.5005443350970457,
      0.35776886201097546
    ],
    "kesslersignificance": [
      2.938588516746411,
      0.7379164388243336,
      0.3752466608920805,
      0.14061366737392267
    ],
    "bantubvd": [
      2.1108048681334246,
      0.49165795553856484,
      0.5226557181344595,
      0.3648717028108065
    ]
  },
  "Baseline-Baseline": {
    "total": [
      1.4354088670034757,
      0.3555882265339742,
      0.63718385480212,
      0.5195251805013861
    ],
    "color": "CornflowerBlue",
    "bremerberta": [
      1.7984972677595628,
      0.33771776606817594,
      0.6377976926318404,
      0.4967056343912993
    ],
    "wangbai": [
      0.8070410714502965,
      0.23563683072861757,
      0.7193441593265673,
      0.6566549791012344
    ],
    "beidazihui": [
      1.1161290322580644,
      0.31142048670062256,
      0.6697979112499418,
      0.572649933601687
    ],
    "hillburmish": [
      1.375642216593963,
      0.36708834432890897,
      0.5909633553160689,
      0.5080618275345021
    ],
    "deepadungpalaung": [
      1.3511652542372883,
      0.4812988675343019,
      0.608095988325298,
      0.3827272136362131
    ],
    "luangthongkumkaren": [
      0.4473684210526316,
      0.11884137426900584,
      0.8682518771871552,
      0.8157896537789585
    ],
    "bodtkhobwa": [
      0.48954545454545456,
      0.20764393939393946,
      0.7314267260830332,
      0.7172689654135996
    ],
    "birchallchapacuran": [
      2.3617186157072294,
      0.39019281222835833,
      0.5422300512354078,
      0.4180302531456137
    ],
    "kesslersignificance": [
      3.0685657325131013,
      0.7607824865193288,
      0.34772110735572254,
      0.11533748315120593
    ],
    "bantubvd": [
      1.5384156039171646,
      0.34525935756848264,
      0.6562096793101647,
      0.5120258612595471
    ]
  },
  "CrossLingference-Julia": {
    "total": [
      1.6116414863727184,
      0.4130165208164734,
      0.6508065116429499,
      0.4503387270234224
    ],
    "color": "Crimson",
    "bremerberta": [
      1.3014344262295081,
      0.25388295277127243,
      0.698798516675278,
      0.6235457246880323
    ],
    "wangbai": [
      1.6156676039722193,
      0.4764998657987656,
      0.6227100861049899,
      0.3866575392132156
    ],
    "beidazihui": [
      1.975212224108659,
      0.5513808715336729,
      0.6391458246351108,
      0.28199847571387526
    ],
    "hillburmish": [
      2.1377052680636277,
      0.5692569208888132,
      0.505564386658646,
      0.29399904511109987
    ],
    "deepadungpalaung": [
      0.7138506355932203,
      0.2570441762510089,
      0.8070899845911985,
      0.6343040343272169
    ],
    "luangthongkumkaren": [
      1.918859649122807,
      0.5089181286549709,
      0.666103322545522,
      0.3365337663499681
    ],
    "bodtkhobwa": [
      0.3940909090909091,
      0.16984848484848483,
      0.8172638585151986,
      0.7723292785996254
    ],
    "birchallchapacuran": [
      2.019950529092501,
      0.3354048287103103,
      0.6127356108287032,
      0.48828950814684624
    ],
    "kesslersignificance": [
      2.6546468443836866,
      0.6816918052707527,
      0.4159432856771219,
      0.1622658668973293
    ],
    "bantubvd": [
      1.3849967740700453,
      0.32623717343668207,
      0.7227102401977304,
      0.523464031187015
    ]
  },
  "Mockingbird-I1": {
    "total": [
      1.1762187506031638,
      0.2898984929868421,
      0.6717099225519634,
      0.6058548112827981
    ],
    "color": "Purple",
    "bremerberta": [
      1.2552595628415302,
      0.24178514506895654,
      0.6896697995422941,
      0.6383341098241431
    ],
    "wangbai": [
      0.7124196503954968,
      0.20616694035766506,
      0.7260874695910113,
      0.6969574984457759
    ],
    "beidazihui": [
      0.4458404074702887,
      0.12372382569326541,
      0.8204795214892135,
      0.8171407180991658
    ],
    "hillburmish": [
      1.1574906406320062,
      0.3107019122410624,
      0.6287577711984479,
      0.5773021836034912
    ],
    "deepadungpalaung": [
      0.9269635290556901,
      0.31976234614608556,
      0.7228169397375208,
      0.5689184451619297
    ],
    "luangthongkumkaren": [
      0.43640350877192974,
      0.11331192564745196,
      0.852940577717695,
      0.8284643426735997
    ],
    "bodtkhobwa": [
      0.4118181818181818,
      0.1701666666666667,
      0.763724730652663,
      0.7690061258512463
    ],
    "birchallchapacuran": [
      2.3933240618014415,
      0.39386173310525463,
      0.5096431281917055,
      0.42921061688446427
    ],
    "kesslersignificance": [
      2.7757530189109136,
      0.7232834358623832,
      0.33422089225942214,
      0.1504289132343677
    ],
    "bantubvd": [
      1.2469149443341585,
      0.2962209990796295,
      0.6687583951396603,
      0.5827851590497968
    ]
  },
  "Mockingbird-N1-A": {
    "total": [
      1.256496594690628,
      0.3118706285240396,
      0.6556876603825575,
      0.5779469689176259
    ],
    "color": "Purple",
    "bremerberta": [
      1.4940573770491803,
      0.2808298096105473,
      0.6475474796754526,
      0.5776328939496658
    ],
    "wangbai": [
      0.6960223933815551,
      0.1987213661620369,
      0.7337916579712329,
      0.7142747768100268
    ],